ID,USER_ID,ORDER_DATE,STATUS,_ETL_LOADED_AT
1,1,2018-01-01,returned,2025-09-07T11:59:01.308000
2,3,2018-01-02,completed,2025-09-07T11:59:01.308000
3,94,2018-01-04,completed,2025-09-07T11:59:01.308000
4,50,2018-01-05,completed,2025-09-07T11:59:01.308000
5,64,2018-01-05,completed,2025-09-07T11:59:01.308000
6,54,2018-01-07,completed,2025-09-07T11:59:01.308000
7,88,2018-01-09,completed,2025-09-07T11:59:01.308000
8,2,2018-01-11,returned,2025-09-07T11:59:01.308000
9,53,2018-01-12,completed,2025-09-07T11:59:01.308000
10,7,2018-01-14,completed,2025-09-07T11:59:01.308000
11,99,2018-01-14,completed,2025-09-07T11:59:01.308000
12,59,2018-01-15,completed,2025-09-07T11:59:01.308000
13,84,2018-01-17,completed,2025-09-07T11:59:01.308000
14,40,2018-01-17,returned,2025-09-07T11:59:01.308000
15,25,2018-01-17,completed,2025-09-07T11:59:01.308000
16,39,2018-01-18,completed,2025-09-07T11:59:01.308000
17,71,2018-01-18,completed,2025-09-07T11:59:01.308000
18,64,2018-01-20,returned,2025-09-07T11:59:01.308000
19,54,2018-01-22,completed,2025-09-07T11:59:01.308000
20,20,2018-01-23,completed,2025-09-07T11:59:01.308000
21,71,2018-01-23,completed,2025-09-07T11:59:01.308000
22,86,2018-01-24,completed,2025-09-07T11:59:01.308000
23,22,2018-01-26,return_pending,2025-09-07T11:59:01.308000
24,3,2018-01-27,completed,2025-09-07T11:59:01.308000
25,51,2018-01-28,completed,2025-09-07T11:59:01.308000
26,32,2018-01-28,completed,2025-09-07T11:59:01.308000
27,94,2018-01-29,completed,2025-09-07T11:59:01.308000
28,8,2018-01-29,completed,2025-09-07T11:59:01.308000
29,57,2018-01-31,completed,2025-09-07T11:59:01.308000
30,69,2018-02-02,completed,2025-09-07T11:59:01.308000
31,16,2018-02-02,completed,2025-09-07T11:59:01.308000
32,28,2018-02-04,completed,2025-09-07T11:59:01.308000
33,42,2018-02-04,completed,2025-09-07T11:59:01.308000
34,38,2018-02-06,completed,2025-09-07T11:59:01.308000
35,80,2018-02-08,completed,2025-09-07T11:59:01.308000
36,85,2018-02-10,completed,2025-09-07T11:59:01.308000
37,1,2018-02-10,completed,2025-09-07T11:59:01.308000
38,51,2018-02-10,completed,2025-09-07T11:59:01.308000
39,26,2018-02-11,completed,2025-09-07T11:59:01.308000
40,33,2018-02-13,completed,2025-09-07T11:59:01.308000
41,99,2018-02-14,completed,2025-09-07T11:59:01.308000
42,92,2018-02-16,completed,2025-09-07T11:59:01.308000
43,31,2018-02-17,completed,2025-09-07T11:59:01.308000
44,66,2018-02-17,completed,2025-09-07T11:59:01.308000
45,22,2018-02-17,completed,2025-09-07T11:59:01.308000
46,6,2018-02-19,completed,2025-09-07T11:59:01.308000
47,50,2018-02-20,completed,2025-09-07T11:59:01.308000
48,27,2018-02-21,completed,2025-09-07T11:59:01.308000
49,35,2018-02-21,completed,2025-09-07T11:59:01.308000
50,51,2018-02-23,completed,2025-09-07T11:59:01.308000
51,71,2018-02-24,completed,2025-09-07T11:59:01.308000
52,54,2018-02-25,return_pending,2025-09-07T11:59:01.308000
53,34,2018-02-26,completed,2025-09-07T11:59:01.308000
54,54,2018-02-26,completed,2025-09-07T11:59:01.308000
55,18,2018-02-27,completed,2025-09-07T11:59:01.308000
56,79,2018-02-28,completed,2025-09-07T11:59:01.308000
57,93,2018-03-01,completed,2025-09-07T11:59:01.308000
58,22,2018-03-01,completed,2025-09-07T11:59:01.308000
59,30,2018-03-02,completed,2025-09-07T11:59:01.308000
60,12,2018-03-03,completed,2025-09-07T11:59:01.308000
61,63,2018-03-03,completed,2025-09-07T11:59:01.308000
62,57,2018-03-05,completed,2025-09-07T11:59:01.308000
63,70,2018-03-06,completed,2025-09-07T11:59:01.308000
64,13,2018-03-07,completed,2025-09-07T11:59:01.308000
65,26,2018-03-08,completed,2025-09-07T11:59:01.308000
66,36,2018-03-10,completed,2025-09-07T11:59:01.308000
67,79,2018-03-11,completed,2025-09-07T11:59:01.308000
68,53,2018-03-11,completed,2025-09-07T11:59:01.308000
69,3,2018-03-11,completed,2025-09-07T11:59:01.308000
70,8,2018-03-12,completed,2025-09-07T11:59:01.308000
71,42,2018-03-12,shipped,2025-09-07T11:59:01.308000
72,30,2018-03-14,shipped,2025-09-07T11:59:01.308000
73,19,2018-03-16,completed,2025-09-07T11:59:01.308000
74,9,2018-03-17,shipped,2025-09-07T11:59:01.308000
75,69,2018-03-18,completed,2025-09-07T11:59:01.308000
76,25,2018-03-20,completed,2025-09-07T11:59:01.308000
77,35,2018-03-21,shipped,2025-09-07T11:59:01.308000
78,90,2018-03-23,shipped,2025-09-07T11:59:01.308000
79,52,2018-03-23,shipped,2025-09-07T11:59:01.308000
80,11,2018-03-23,shipped,2025-09-07T11:59:01.308000
81,76,2018-03-23,shipped,2025-09-07T11:59:01.308000
82,46,2018-03-24,shipped,2025-09-07T11:59:01.308000
83,54,2018-03-24,shipped,2025-09-07T11:59:01.308000
84,70,2018-03-26,placed,2025-09-07T11:59:01.308000
85,47,2018-03-26,shipped,2025-09-07T11:59:01.308000
86,68,2018-03-26,placed,2025-09-07T11:59:01.308000
87,46,2018-03-27,placed,2025-09-07T11:59:01.308000
88,91,2018-03-27,shipped,2025-09-07T11:59:01.308000
89,21,2018-03-28,placed,2025-09-07T11:59:01.308000
90,66,2018-03-30,shipped,2025-09-07T11:59:01.308000
91,47,2018-03-31,placed,2025-09-07T11:59:01.308000
92,84,2018-04-02,placed,2025-09-07T11:59:01.308000
93,66,2018-04-03,placed,2025-09-07T11:59:01.308000
94,63,2018-04-03,placed,2025-09-07T11:59:01.308000
95,27,2018-04-04,placed,2025-09-07T11:59:01.308000
96,90,2018-04-06,placed,2025-09-07T11:59:01.308000
97,89,2018-04-07,placed,2025-09-07T11:59:01.308000
98,41,2018-04-07,placed,2025-09-07T11:59:01.308000
99,85,2018-04-09,placed,2025-09-07T11:59:01.308000